phase2_torque,phase2_duration,phase3_interval,label,init_label
0.01,100,1000,0,0
0.01,100,1500,0,0
0.01,100,2000,0,0
0.01,100,2500,0,0
0.01,100,3000,0,0
0.01,100,3500,0,0
0.01,100,4000,0,0
0.01,150,1000,0,0
0.01,150,1500,0,0
0.01,150,2000,0,0
0.01,150,2500,0,0
0.01,150,3000,0,0
0.01,150,3500,0,0
0.01,150,4000,0,0
0.01,200,1000,0,0
0.01,200,1500,0,0
0.01,200,2000,0,0
0.01,200,2500,0,0
0.01,200,3000,0,0
0.01,200,3500,0,0
0.01,200,4000,0,0
0.01,250,1000,0,0
0.01,250,1500,0,0
0.01,250,2000,0,0
0.01,250,2500,0,0
0.01,250,3000,0,0
0.01,250,3500,0,0
0.01,250,4000,0,0
0.01,300,1000,0,0
0.01,300,1500,0,0
0.01,300,2000,0,0
0.01,300,2500,0,0
0.01,300,3000,0,0
0.01,300,3500,0,0
0.01,300,4000,0,0
0.01,350,1000,0,0
0.01,350,1500,0,0
0.01,350,2000,0,0
0.01,350,2500,0,0
0.01,350,3000,0,0
0.01,350,3500,0,0
0.01,350,4000,0,0
0.01,400,1000,0,0
0.01,400,1500,0,0
0.01,400,2000,0,0
0.01,400,2500,0,0
0.01,400,3000,0,0
0.01,400,3500,0,0
0.01,400,4000,0,0
0.01,450,1000,0,0
0.01,450,1500,0,0
0.01,450,2000,0,0
0.01,450,2500,0,0
0.01,450,3000,0,0
0.01,450,3500,0,0
0.01,450,4000,0,0
0.01,500,1000,0,0
0.01,500,1500,0,0
0.01,500,2000,0,0
0.01,500,2500,0,0
0.01,500,3000,0,0
0.01,500,3500,0,0
0.01,500,4000,0,0
0.01,550,1000,0,0
0.01,550,1500,0,0
0.01,550,2000,0,0
0.01,550,2500,0,0
0.01,550,3000,0,0
0.01,550,3500,0,0
0.01,550,4000,0,0
0.01,600,1000,0,0
0.01,600,1500,0,0
0.01,600,2000,0,0
0.01,600,2500,0,0
0.01,600,3000,0,0
0.01,600,3500,0,0
0.01,600,4000,0,0
0.01,650,1000,0,0
0.01,650,1500,0,0
0.01,650,2000,0,0
0.01,650,2500,0,0
0.01,650,3000,0,0
0.01,650,3500,0,0
0.01,650,4000,0,0
0.01,700,1000,0,0
0.01,700,1500,0,0
0.01,700,2000,0,0
0.01,700,2500,0,0
0.01,700,3000,0,0
0.01,700,3500,0,0
0.01,700,4000,0,0
0.01,750,1000,0,0
0.01,750,1500,0,0
0.01,750,2000,0,0
0.01,750,2500,0,0
0.01,750,3000,0,0
0.01,750,3500,0,0
0.01,750,4000,0,0
0.01,800,1000,0,0
0.01,800,1500,0,0
0.01,800,2000,0,0
0.01,800,2500,0,0
0.01,800,3000,0,0
0.01,800,3500,0,0
0.01,800,4000,0,0
0.01,850,1000,0,0
0.01,850,1500,0,0
0.01,850,2000,0,0
0.01,850,2500,0,0
0.01,850,3000,0,0
0.01,850,3500,0,0
0.01,850,4000,0,0
0.01,900,1000,0,0
0.01,900,1500,0,0
0.01,900,2000,0,0
0.01,900,2500,0,0
0.01,900,3000,0,0
0.01,900,3500,0,0
0.01,900,4000,0,0
0.01,950,1000,0,0
0.01,950,1500,0,0
0.01,950,2000,0,0
0.01,950,2500,0,0
0.01,950,3000,0,0
0.01,950,3500,0,0
0.01,950,4000,0,0
0.01,1000,1000,0,0
0.01,1000,1500,0,0
0.01,1000,2000,0,0
0.01,1000,2500,0,0
0.01,1000,3000,0,0
0.01,1000,3500,0,0
0.01,1000,4000,0,0
0.01,1050,1000,0,0
0.01,1050,1500,0,0
0.01,1050,2000,0,0
0.01,1050,2500,0,0
0.01,1050,3000,0,0
0.01,1050,3500,0,0
0.01,1050,4000,0,0
0.01,1100,1000,0,0
0.01,1100,1500,0,0
0.01,1100,2000,0,0
0.01,1100,2500,0,0
0.01,1100,3000,0,0
0.01,1100,3500,0,0
0.01,1100,4000,0,0
0.01,1150,1000,1,0
0.01,1150,1500,1,0
0.01,1150,2000,1,0
0.01,1150,2500,1,0
0.01,1150,3000,1,0
0.01,1150,3500,1,0
0.01,1150,4000,1,0
0.01,1200,1000,1,0
0.01,1200,1500,1,0
0.01,1200,2000,1,0
0.01,1200,2500,1,0
0.01,1200,3000,1,0
0.01,1200,3500,1,0
0.01,1200,4000,1,0
0.01,1250,1000,1,0
0.01,1250,1500,1,0
0.01,1250,2000,1,0
0.01,1250,2500,1,0
0.01,1250,3000,1,0
0.01,1250,3500,1,0
0.01,1250,4000,1,0
0.01,1300,1000,1,0
0.01,1300,1500,1,0
0.01,1300,2000,1,0
0.01,1300,2500,1,0
0.01,1300,3000,1,0
0.01,1300,3500,1,0
0.01,1300,4000,1,0
0.01,1350,1000,1,0
0.01,1350,1500,1,0
0.01,1350,2000,1,0
0.01,1350,2500,1,0
0.01,1350,3000,1,0
0.01,1350,3500,1,0
0.01,1350,4000,1,0
0.01,1400,1000,1,0
0.01,1400,1500,1,0
0.01,1400,2000,1,0
0.01,1400,2500,1,0
0.01,1400,3000,1,0
0.01,1400,3500,1,0
0.01,1400,4000,1,0
0.01,1450,1000,1,0
0.01,1450,1500,1,0
0.01,1450,2000,1,0
0.01,1450,2500,1,0
0.01,1450,3000,1,0
0.01,1450,3500,1,0
0.01,1450,4000,1,0
0.02,100,1000,0,0
0.02,100,1500,0,0
0.02,100,2000,0,0
0.02,100,2500,0,0
0.02,100,3000,0,0
0.02,100,3500,0,0
0.02,100,4000,0,0
0.02,150,1000,0,0
0.02,150,1500,0,0
0.02,150,2000,0,0
0.02,150,2500,0,0
0.02,150,3000,0,0
0.02,150,3500,0,0
0.02,150,4000,0,0
0.02,200,1000,0,0
0.02,200,1500,0,0
0.02,200,2000,0,0
0.02,200,2500,0,0
0.02,200,3000,0,0
0.02,200,3500,0,0
0.02,200,4000,0,0
0.02,250,1000,0,0
0.02,250,1500,0,0
0.02,250,2000,0,0
0.02,250,2500,0,0
0.02,250,3000,0,0
0.02,250,3500,0,0
0.02,250,4000,0,0
0.02,300,1000,0,0
0.02,300,1500,0,0
0.02,300,2000,0,0
0.02,300,2500,0,0
0.02,300,3000,0,0
0.02,300,3500,0,0
0.02,300,4000,0,0
0.02,350,1000,0,0
0.02,350,1500,0,0
0.02,350,2000,0,0
0.02,350,2500,0,0
0.02,350,3000,0,0
0.02,350,3500,0,0
0.02,350,4000,0,0
0.02,400,1000,0,0
0.02,400,1500,0,0
0.02,400,2000,0,0
0.02,400,2500,0,0
0.02,400,3000,0,0
0.02,400,3500,0,0
0.02,400,4000,0,0
0.02,450,1000,0,0
0.02,450,1500,0,0
0.02,450,2000,0,0
0.02,450,2500,0,0
0.02,450,3000,0,0
0.02,450,3500,0,0
0.02,450,4000,0,0
0.02,500,1000,0,0
0.02,500,1500,0,0
0.02,500,2000,0,0
0.02,500,2500,0,0
0.02,500,3000,0,0
0.02,500,3500,0,0
0.02,500,4000,0,0
0.02,550,1000,0,0
0.02,550,1500,0,0
0.02,550,2000,0,0
0.02,550,2500,0,0
0.02,550,3000,0,0
0.02,550,3500,0,0
0.02,550,4000,0,0
0.02,600,1000,0,0
0.02,600,1500,0,0
0.02,600,2000,0,0
0.02,600,2500,0,0
0.02,600,3000,0,0
0.02,600,3500,0,0
0.02,600,4000,0,0
0.02,650,1000,0,0
0.02,650,1500,0,0
0.02,650,2000,0,0
0.02,650,2500,0,0
0.02,650,3000,0,0
0.02,650,3500,0,0
0.02,650,4000,0,0
0.02,700,1000,0,0
0.02,700,1500,0,0
0.02,700,2000,0,0
0.02,700,2500,0,0
0.02,700,3000,0,0
0.02,700,3500,0,0
0.02,700,4000,0,0
0.02,750,1000,0,0
0.02,750,1500,0,0
0.02,750,2000,0,0
0.02,750,2500,0,0
0.02,750,3000,0,0
0.02,750,3500,0,0
0.02,750,4000,0,0
0.02,800,1000,0,0
0.02,800,1500,0,0
0.02,800,2000,0,0
0.02,800,2500,0,0
0.02,800,3000,0,0
0.02,800,3500,0,0
0.02,800,4000,0,0
0.02,850,1000,0,0
0.02,850,1500,0,0
0.02,850,2000,0,0
0.02,850,2500,0,0
0.02,850,3000,0,0
0.02,850,3500,0,0
0.02,850,4000,0,0
0.02,900,1000,0,0
0.02,900,1500,0,0
0.02,900,2000,0,0
0.02,900,2500,0,0
0.02,900,3000,0,0
0.02,900,3500,0,0
0.02,900,4000,0,0
0.02,950,1000,0,0
0.02,950,1500,0,0
0.02,950,2000,0,0
0.02,950,2500,0,0
0.02,950,3000,0,0
0.02,950,3500,0,0
0.02,950,4000,0,0
0.02,1000,1000,0,0
0.02,1000,1500,0,0
0.02,1000,2000,0,0
0.02,1000,2500,0,0
0.02,1000,3000,0,0
0.02,1000,3500,0,0
0.02,1000,4000,0,0
0.02,1050,1000,0,0
0.02,1050,1500,0,0
0.02,1050,2000,0,0
0.02,1050,2500,0,0
0.02,1050,3000,0,0
0.02,1050,3500,0,0
0.02,1050,4000,0,0
0.02,1100,1000,0,0
0.02,1100,1500,0,0
0.02,1100,2000,0,0
0.02,1100,2500,0,0
0.02,1100,3000,0,0
0.02,1100,3500,0,0
0.02,1100,4000,0,0
0.02,1150,1000,1,0
0.02,1150,1500,1,0
0.02,1150,2000,1,0
0.02,1150,2500,1,0
0.02,1150,3000,1,0
0.02,1150,3500,1,0
0.02,1150,4000,1,0
0.02,1200,1000,1,0
0.02,1200,1500,1,0
0.02,1200,2000,1,0
0.02,1200,2500,1,0
0.02,1200,3000,1,0
0.02,1200,3500,1,0
0.02,1200,4000,1,0
0.02,1250,1000,1,0
0.02,1250,1500,1,0
0.02,1250,2000,1,0
0.02,1250,2500,1,0
0.02,1250,3000,1,0
0.02,1250,3500,1,0
0.02,1250,4000,1,0
0.02,1300,1000,1,0
0.02,1300,1500,1,0
0.02,1300,2000,1,0
0.02,1300,2500,1,0
0.02,1300,3000,1,0
0.02,1300,3500,1,0
0.02,1300,4000,1,0
0.02,1350,1000,1,0
0.02,1350,1500,1,0
0.02,1350,2000,1,0
0.02,1350,2500,1,0
0.02,1350,3000,1,0
0.02,1350,3500,1,0
0.02,1350,4000,1,0
0.02,1400,1000,1,0
0.02,1400,1500,1,0
0.02,1400,2000,1,0
0.02,1400,2500,1,0
0.02,1400,3000,1,0
0.02,1400,3500,1,0
0.02,1400,4000,1,0
0.02,1450,1000,1,0
0.02,1450,1500,1,0
0.02,1450,2000,1,0
0.02,1450,2500,1,0
0.02,1450,3000,1,0
0.02,1450,3500,1,0
0.02,1450,4000,1,0
0.03,100,1000,0,0
0.03,100,1500,0,0
0.03,100,2000,0,0
0.03,100,2500,0,0
0.03,100,3000,0,0
0.03,100,3500,0,0
0.03,100,4000,0,0
0.03,150,1000,0,0
0.03,150,1500,0,0
0.03,150,2000,0,0
0.03,150,2500,0,0
0.03,150,3000,0,0
0.03,150,3500,0,0
0.03,150,4000,0,0
0.03,200,1000,0,0
0.03,200,1500,0,0
0.03,200,2000,0,0
0.03,200,2500,0,0
0.03,200,3000,0,0
0.03,200,3500,0,0
0.03,200,4000,0,0
0.03,250,1000,0,0
0.03,250,1500,0,0
0.03,250,2000,0,0
0.03,250,2500,0,0
0.03,250,3000,0,0
0.03,250,3500,0,0
0.03,250,4000,0,0
0.03,300,1000,0,0
0.03,300,1500,0,0
0.03,300,2000,0,0
0.03,300,2500,0,0
0.03,300,3000,0,0
0.03,300,3500,0,0
0.03,300,4000,0,0
0.03,350,1000,0,0
0.03,350,1500,0,0
0.03,350,2000,0,0
0.03,350,2500,0,0
0.03,350,3000,0,0
0.03,350,3500,0,0
0.03,350,4000,0,0
0.03,400,1000,0,0
0.03,400,1500,0,0
0.03,400,2000,0,0
0.03,400,2500,0,0
0.03,400,3000,0,0
0.03,400,3500,0,0
0.03,400,4000,0,0
0.03,450,1000,0,0
0.03,450,1500,0,0
0.03,450,2000,0,0
0.03,450,2500,0,0
0.03,450,3000,0,0
0.03,450,3500,0,0
0.03,450,4000,0,0
0.03,500,1000,0,0
0.03,500,1500,0,0
0.03,500,2000,0,0
0.03,500,2500,0,0
0.03,500,3000,0,0
0.03,500,3500,0,0
0.03,500,4000,0,0
0.03,550,1000,0,0
0.03,550,1500,0,0
0.03,550,2000,0,0
0.03,550,2500,0,0
0.03,550,3000,0,0
0.03,550,3500,0,0
0.03,550,4000,0,0
0.03,600,1000,0,0
0.03,600,1500,0,0
0.03,600,2000,0,0
0.03,600,2500,0,0
0.03,600,3000,0,0
0.03,600,3500,0,0
0.03,600,4000,0,0
0.03,650,1000,0,0
0.03,650,1500,0,0
0.03,650,2000,0,0
0.03,650,2500,0,0
0.03,650,3000,0,0
0.03,650,3500,0,0
0.03,650,4000,0,0
0.03,700,1000,0,0
0.03,700,1500,0,0
0.03,700,2000,0,0
0.03,700,2500,0,0
0.03,700,3000,0,0
0.03,700,3500,0,0
0.03,700,4000,0,0
0.03,750,1000,0,0
0.03,750,1500,0,0
0.03,750,2000,0,0
0.03,750,2500,0,0
0.03,750,3000,0,0
0.03,750,3500,0,0
0.03,750,4000,0,0
0.03,800,1000,0,0
0.03,800,1500,0,0
0.03,800,2000,0,0
0.03,800,2500,0,0
0.03,800,3000,0,0
0.03,800,3500,0,0
0.03,800,4000,0,0
0.03,850,1000,0,0
0.03,850,1500,0,0
0.03,850,2000,0,0
0.03,850,2500,0,0
0.03,850,3000,0,0
0.03,850,3500,0,0
0.03,850,4000,0,0
0.03,900,1000,0,0
0.03,900,1500,0,0
0.03,900,2000,0,0
0.03,900,2500,0,0
0.03,900,3000,0,0
0.03,900,3500,0,0
0.03,900,4000,0,0
0.03,950,1000,0,0
0.03,950,1500,0,0
0.03,950,2000,0,0
0.03,950,2500,0,0
0.03,950,3000,0,0
0.03,950,3500,0,0
0.03,950,4000,0,0
0.03,1000,1000,0,0
0.03,1000,1500,0,0
0.03,1000,2000,0,0
0.03,1000,2500,0,0
0.03,1000,3000,0,0
0.03,1000,3500,0,0
0.03,1000,4000,0,0
0.03,1050,1000,0,0
0.03,1050,1500,0,0
0.03,1050,2000,0,0
0.03,1050,2500,0,0
0.03,1050,3000,0,0
0.03,1050,3500,0,0
0.03,1050,4000,0,0
0.03,1100,1000,0,0
0.03,1100,1500,0,0
0.03,1100,2000,0,0
0.03,1100,2500,0,0
0.03,1100,3000,0,0
0.03,1100,3500,0,0
0.03,1100,4000,0,0
0.03,1150,1000,1,0
0.03,1150,1500,1,0
0.03,1150,2000,1,0
0.03,1150,2500,1,0
0.03,1150,3000,1,0
0.03,1150,3500,1,0
0.03,1150,4000,1,0
0.03,1200,1000,1,0
0.03,1200,1500,1,0
0.03,1200,2000,1,0
0.03,1200,2500,1,0
0.03,1200,3000,1,0
0.03,1200,3500,1,0
0.03,1200,4000,1,0
0.03,1250,1000,1,0
0.03,1250,1500,1,0
0.03,1250,2000,1,0
0.03,1250,2500,1,0
0.03,1250,3000,1,0
0.03,1250,3500,1,0
0.03,1250,4000,1,0
0.03,1300,1000,1,0
0.03,1300,1500,1,0
0.03,1300,2000,1,0
0.03,1300,2500,1,0
0.03,1300,3000,1,0
0.03,1300,3500,1,0
0.03,1300,4000,1,0
0.03,1350,1000,1,0
0.03,1350,1500,1,0
0.03,1350,2000,1,0
0.03,1350,2500,1,0
0.03,1350,3000,1,0
0.03,1350,3500,1,0
0.03,1350,4000,1,0
0.03,1400,1000,1,0
0.03,1400,1500,1,0
0.03,1400,2000,1,0
0.03,1400,2500,1,0
0.03,1400,3000,1,0
0.03,1400,3500,1,0
0.03,1400,4000,1,0
0.03,1450,1000,1,0
0.03,1450,1500,1,0
0.03,1450,2000,1,0
0.03,1450,2500,1,0
0.03,1450,3000,1,0
0.03,1450,3500,1,0
0.03,1450,4000,1,0
0.04,100,1000,0,0
0.04,100,1500,0,0
0.04,100,2000,0,0
0.04,100,2500,0,0
0.04,100,3000,0,0
0.04,100,3500,0,0
0.04,100,4000,0,0
0.04,150,1000,0,0
0.04,150,1500,0,0
0.04,150,2000,0,0
0.04,150,2500,0,0
0.04,150,3000,0,0
0.04,150,3500,0,0
0.04,150,4000,0,0
0.04,200,1000,0,0
0.04,200,1500,0,0
0.04,200,2000,0,0
0.04,200,2500,0,0
0.04,200,3000,0,0
0.04,200,3500,0,0
0.04,200,4000,0,0
0.04,250,1000,0,0
0.04,250,1500,0,0
0.04,250,2000,0,0
0.04,250,2500,0,0
0.04,250,3000,0,0
0.04,250,3500,0,0
0.04,250,4000,0,0
0.04,300,1000,0,0
0.04,300,1500,0,0
0.04,300,2000,0,0
0.04,300,2500,0,0
0.04,300,3000,0,0
0.04,300,3500,0,0
0.04,300,4000,0,0
0.04,350,1000,0,0
0.04,350,1500,0,0
0.04,350,2000,0,0
0.04,350,2500,0,0
0.04,350,3000,0,0
0.04,350,3500,0,0
0.04,350,4000,0,0
0.04,400,1000,0,0
0.04,400,1500,0,0
0.04,400,2000,0,0
0.04,400,2500,0,0
0.04,400,3000,0,0
0.04,400,3500,0,0
0.04,400,4000,0,0
0.04,450,1000,0,0
0.04,450,1500,0,0
0.04,450,2000,0,0
0.04,450,2500,0,0
0.04,450,3000,0,0
0.04,450,3500,0,0
0.04,450,4000,0,0
0.04,500,1000,0,0
0.04,500,1500,0,0
0.04,500,2000,0,0
0.04,500,2500,0,0
0.04,500,3000,0,0
0.04,500,3500,0,0
0.04,500,4000,0,0
0.04,550,1000,0,0
0.04,550,1500,0,0
0.04,550,2000,0,0
0.04,550,2500,0,0
0.04,550,3000,0,0
0.04,550,3500,0,0
0.04,550,4000,0,0
0.04,600,1000,0,0
0.04,600,1500,0,0
0.04,600,2000,0,0
0.04,600,2500,0,0
0.04,600,3000,0,0
0.04,600,3500,0,0
0.04,600,4000,0,0
0.04,650,1000,0,0
0.04,650,1500,0,0
0.04,650,2000,0,0
0.04,650,2500,0,0
0.04,650,3000,0,0
0.04,650,3500,0,0
0.04,650,4000,0,0
0.04,700,1000,0,0
0.04,700,1500,0,0
0.04,700,2000,0,0
0.04,700,2500,0,0
0.04,700,3000,0,0
0.04,700,3500,0,0
0.04,700,4000,0,0
0.04,750,1000,0,0
0.04,750,1500,0,0
0.04,750,2000,0,0
0.04,750,2500,0,0
0.04,750,3000,0,0
0.04,750,3500,0,0
0.04,750,4000,0,0
0.04,800,1000,0,0
0.04,800,1500,0,0
0.04,800,2000,0,0
0.04,800,2500,0,0
0.04,800,3000,0,0
0.04,800,3500,0,0
0.04,800,4000,0,0
0.04,850,1000,0,0
0.04,850,1500,0,0
0.04,850,2000,0,0
0.04,850,2500,0,0
0.04,850,3000,0,0
0.04,850,3500,0,0
0.04,850,4000,0,0
0.04,900,1000,0,0
0.04,900,1500,0,0
0.04,900,2000,0,0
0.04,900,2500,0,0
0.04,900,3000,0,0
0.04,900,3500,0,0
0.04,900,4000,0,0
0.04,950,1000,0,0
0.04,950,1500,0,0
0.04,950,2000,0,0
0.04,950,2500,0,0
0.04,950,3000,0,0
0.04,950,3500,0,0
0.04,950,4000,0,0
0.04,1000,1000,0,0
0.04,1000,1500,0,0
0.04,1000,2000,0,0
0.04,1000,2500,0,0
0.04,1000,3000,0,0
0.04,1000,3500,0,0
0.04,1000,4000,0,0
0.04,1050,1000,0,0
0.04,1050,1500,0,0
0.04,1050,2000,0,0
0.04,1050,2500,0,0
0.04,1050,3000,0,0
0.04,1050,3500,0,0
0.04,1050,4000,0,0
0.04,1100,1000,0,0
0.04,1100,1500,0,0
0.04,1100,2000,0,0
0.04,1100,2500,0,0
0.04,1100,3000,0,0
0.04,1100,3500,0,0
0.04,1100,4000,0,0
0.04,1150,1000,1,0
0.04,1150,1500,1,0
0.04,1150,2000,1,0
0.04,1150,2500,1,0
0.04,1150,3000,1,0
0.04,1150,3500,1,0
0.04,1150,4000,1,0
0.04,1200,1000,1,0
0.04,1200,1500,1,0
0.04,1200,2000,1,0
0.04,1200,2500,1,0
0.04,1200,3000,1,0
0.04,1200,3500,1,0
0.04,1200,4000,1,0
0.04,1250,1000,1,0
0.04,1250,1500,1,0
0.04,1250,2000,1,0
0.04,1250,2500,1,0
0.04,1250,3000,1,0
0.04,1250,3500,1,0
0.04,1250,4000,1,0
0.04,1300,1000,1,0
0.04,1300,1500,1,0
0.04,1300,2000,1,0
0.04,1300,2500,1,0
0.04,1300,3000,1,0
0.04,1300,3500,1,0
0.04,1300,4000,1,0
0.04,1350,1000,1,0
0.04,1350,1500,1,0
0.04,1350,2000,1,0
0.04,1350,2500,1,0
0.04,1350,3000,1,0
0.04,1350,3500,1,0
0.04,1350,4000,1,0
0.04,1400,1000,1,0
0.04,1400,1500,1,0
0.04,1400,2000,1,0
0.04,1400,2500,1,0
0.04,1400,3000,1,0
0.04,1400,3500,1,0
0.04,1400,4000,1,0
0.04,1450,1000,1,0
0.04,1450,1500,1,0
0.04,1450,2000,1,0
0.04,1450,2500,1,0
0.04,1450,3000,1,0
0.04,1450,3500,1,0
0.04,1450,4000,1,0
0.05,100,1000,0,0
0.05,100,1500,0,0
0.05,100,2000,0,0
0.05,100,2500,0,0
0.05,100,3000,0,0
0.05,100,3500,0,0
0.05,100,4000,0,0
0.05,150,1000,0,0
0.05,150,1500,0,0
0.05,150,2000,0,0
0.05,150,2500,0,0
0.05,150,3000,0,0
0.05,150,3500,0,0
0.05,150,4000,0,0
0.05,200,1000,0,0
0.05,200,1500,0,0
0.05,200,2000,0,0
0.05,200,2500,0,0
0.05,200,3000,0,0
0.05,200,3500,0,0
0.05,200,4000,0,0
0.05,250,1000,0,0
0.05,250,1500,0,0
0.05,250,2000,0,0
0.05,250,2500,0,0
0.05,250,3000,0,0
0.05,250,3500,0,0
0.05,250,4000,0,0
0.05,300,1000,0,0
0.05,300,1500,0,0
0.05,300,2000,0,0
0.05,300,2500,0,0
0.05,300,3000,0,0
0.05,300,3500,0,0
0.05,300,4000,0,0
0.05,350,1000,0,0
0.05,350,1500,0,0
0.05,350,2000,0,0
0.05,350,2500,0,0
0.05,350,3000,0,0
0.05,350,3500,0,0
0.05,350,4000,0,0
0.05,400,1000,0,0
0.05,400,1500,0,0
0.05,400,2000,0,0
0.05,400,2500,0,0
0.05,400,3000,0,0
0.05,400,3500,0,0
0.05,400,4000,0,0
0.05,450,1000,0,0
0.05,450,1500,0,0
0.05,450,2000,0,0
0.05,450,2500,0,0
0.05,450,3000,0,0
0.05,450,3500,0,0
0.05,450,4000,0,0
0.05,500,1000,0,0
0.05,500,1500,0,0
0.05,500,2000,0,0
0.05,500,2500,0,0
0.05,500,3000,0,0
0.05,500,3500,0,0
0.05,500,4000,0,0
0.05,550,1000,0,0
0.05,550,1500,0,0
0.05,550,2000,0,0
0.05,550,2500,0,0
0.05,550,3000,0,0
0.05,550,3500,0,0
0.05,550,4000,0,0
0.05,600,1000,0,0
0.05,600,1500,0,0
0.05,600,2000,0,0
0.05,600,2500,0,0
0.05,600,3000,0,0
0.05,600,3500,0,0
0.05,600,4000,0,0
0.05,650,1000,0,0
0.05,650,1500,0,0
0.05,650,2000,0,0
0.05,650,2500,0,0
0.05,650,3000,0,0
0.05,650,3500,0,0
0.05,650,4000,0,0
0.05,700,1000,0,0
0.05,700,1500,0,0
0.05,700,2000,0,0
0.05,700,2500,0,0
0.05,700,3000,0,0
0.05,700,3500,0,0
0.05,700,4000,0,0
0.05,750,1000,0,0
0.05,750,1500,0,0
0.05,750,2000,0,0
0.05,750,2500,0,0
0.05,750,3000,0,0
0.05,750,3500,0,0
0.05,750,4000,0,0
0.05,800,1000,0,0
0.05,800,1500,0,0
0.05,800,2000,0,0
0.05,800,2500,0,0
0.05,800,3000,0,0
0.05,800,3500,0,0
0.05,800,4000,0,0
0.05,850,1000,0,0
0.05,850,1500,0,0
0.05,850,2000,0,0
0.05,850,2500,0,0
0.05,850,3000,0,0
0.05,850,3500,0,0
0.05,850,4000,0,0
0.05,900,1000,0,0
0.05,900,1500,0,0
0.05,900,2000,0,0
0.05,900,2500,0,0
0.05,900,3000,0,0
0.05,900,3500,0,0
0.05,900,4000,0,0
0.05,950,1000,0,0
0.05,950,1500,0,0
0.05,950,2000,0,0
0.05,950,2500,0,0
0.05,950,3000,0,0
0.05,950,3500,0,0
0.05,950,4000,0,0
0.05,1000,1000,0,0
0.05,1000,1500,0,0
0.05,1000,2000,0,0
0.05,1000,2500,0,0
0.05,1000,3000,0,0
0.05,1000,3500,0,0
0.05,1000,4000,0,0
0.05,1050,1000,0,0
0.05,1050,1500,0,0
0.05,1050,2000,0,0
0.05,1050,2500,0,0
0.05,1050,3000,0,0
0.05,1050,3500,0,0
0.05,1050,4000,0,0
0.05,1100,1000,0,0
0.05,1100,1500,0,0
0.05,1100,2000,0,0
0.05,1100,2500,0,0
0.05,1100,3000,0,0
0.05,1100,3500,0,0
0.05,1100,4000,0,0
0.05,1150,1000,1,0
0.05,1150,1500,1,0
0.05,1150,2000,1,0
0.05,1150,2500,1,0
0.05,1150,3000,1,0
0.05,1150,3500,1,0
0.05,1150,4000,1,0
0.05,1200,1000,1,0
0.05,1200,1500,1,0
0.05,1200,2000,1,0
0.05,1200,2500,1,0
0.05,1200,3000,1,0
0.05,1200,3500,1,0
0.05,1200,4000,1,0
0.05,1250,1000,1,0
0.05,1250,1500,1,0
0.05,1250,2000,1,0
0.05,1250,2500,1,0
0.05,1250,3000,1,0
0.05,1250,3500,1,0
0.05,1250,4000,1,0
0.05,1300,1000,1,0
0.05,1300,1500,1,0
0.05,1300,2000,1,0
0.05,1300,2500,1,0
0.05,1300,3000,1,0
0.05,1300,3500,1,0
0.05,1300,4000,1,0
0.05,1350,1000,1,0
0.05,1350,1500,1,0
0.05,1350,2000,1,0
0.05,1350,2500,1,0
0.05,1350,3000,1,0
0.05,1350,3500,1,0
0.05,1350,4000,1,0
0.05,1400,1000,1,0
0.05,1400,1500,1,0
0.05,1400,2000,1,0
0.05,1400,2500,1,0
0.05,1400,3000,1,0
0.05,1400,3500,1,0
0.05,1400,4000,1,0
0.05,1450,1000,1,0
0.05,1450,1500,1,0
0.05,1450,2000,1,0
0.05,1450,2500,1,0
0.05,1450,3000,1,0
0.05,1450,3500,1,0
0.05,1450,4000,1,0
0.06,100,1000,0,0
0.06,100,1500,0,0
0.06,100,2000,0,0
0.06,100,2500,0,0
0.06,100,3000,0,0
0.06,100,3500,0,0
0.06,100,4000,0,0
0.06,150,1000,0,0
0.06,150,1500,0,0
0.06,150,2000,0,0
0.06,150,2500,0,0
0.06,150,3000,0,0
0.06,150,3500,0,0
0.06,150,4000,0,0
0.06,200,1000,0,0
0.06,200,1500,0,0
0.06,200,2000,0,0
0.06,200,2500,0,0
0.06,200,3000,0,0
0.06,200,3500,0,0
0.06,200,4000,0,0
0.06,250,1000,0,0
0.06,250,1500,0,0
0.06,250,2000,0,0
0.06,250,2500,0,0
0.06,250,3000,0,0
0.06,250,3500,0,0
0.06,250,4000,0,0
0.06,300,1000,0,0
0.06,300,1500,0,0
0.06,300,2000,0,0
0.06,300,2500,0,0
0.06,300,3000,0,0
0.06,300,3500,0,0
0.06,300,4000,0,0
0.06,350,1000,0,0
0.06,350,1500,0,0
0.06,350,2000,0,0
0.06,350,2500,0,0
0.06,350,3000,0,0
0.06,350,3500,0,0
0.06,350,4000,0,0
0.06,400,1000,0,0
0.06,400,1500,0,0
0.06,400,2000,0,0
0.06,400,2500,0,0
0.06,400,3000,0,0
0.06,400,3500,0,0
0.06,400,4000,0,0
0.06,450,1000,0,0
0.06,450,1500,0,0
0.06,450,2000,0,0
0.06,450,2500,0,0
0.06,450,3000,0,0
0.06,450,3500,0,0
0.06,450,4000,0,0
0.06,500,1000,0,0
0.06,500,1500,0,0
0.06,500,2000,0,0
0.06,500,2500,0,0
0.06,500,3000,0,0
0.06,500,3500,0,0
0.06,500,4000,0,0
0.06,550,1000,0,0
0.06,550,1500,0,0
0.06,550,2000,0,0
0.06,550,2500,0,0
0.06,550,3000,0,0
0.06,550,3500,0,0
0.06,550,4000,0,0
0.06,600,1000,0,0
0.06,600,1500,0,0
0.06,600,2000,0,0
0.06,600,2500,0,0
0.06,600,3000,0,0
0.06,600,3500,0,0
0.06,600,4000,0,0
0.06,650,1000,0,0
0.06,650,1500,0,0
0.06,650,2000,0,0
0.06,650,2500,0,0
0.06,650,3000,0,0
0.06,650,3500,0,0
0.06,650,4000,0,0
0.06,700,1000,0,0
0.06,700,1500,0,0
0.06,700,2000,0,0
0.06,700,2500,0,0
0.06,700,3000,0,0
0.06,700,3500,0,0
0.06,700,4000,0,0
0.06,750,1000,0,0
0.06,750,1500,0,0
0.06,750,2000,0,0
0.06,750,2500,0,0
0.06,750,3000,0,0
0.06,750,3500,0,0
0.06,750,4000,0,0
0.06,800,1000,0,0
0.06,800,1500,0,0
0.06,800,2000,0,0
0.06,800,2500,0,0
0.06,800,3000,0,0
0.06,800,3500,0,0
0.06,800,4000,0,0
0.06,850,1000,0,0
0.06,850,1500,0,0
0.06,850,2000,0,0
0.06,850,2500,0,0
0.06,850,3000,0,0
0.06,850,3500,0,0
0.06,850,4000,0,0
0.06,900,1000,0,0
0.06,900,1500,0,0
0.06,900,2000,0,0
0.06,900,2500,0,0
0.06,900,3000,0,0
0.06,900,3500,0,0
0.06,900,4000,0,0
0.06,950,1000,0,0
0.06,950,1500,0,0
0.06,950,2000,0,0
0.06,950,2500,0,0
0.06,950,3000,0,0
0.06,950,3500,0,0
0.06,950,4000,0,0
0.06,1000,1000,0,0
0.06,1000,1500,0,0
0.06,1000,2000,0,0
0.06,1000,2500,0,0
0.06,1000,3000,0,0
0.06,1000,3500,0,0
0.06,1000,4000,0,0
0.06,1050,1000,0,0
0.06,1050,1500,0,0
0.06,1050,2000,0,0
0.06,1050,2500,0,0
0.06,1050,3000,0,0
0.06,1050,3500,0,0
0.06,1050,4000,0,0
0.06,1100,1000,0,0
0.06,1100,1500,0,0
0.06,1100,2000,0,0
0.06,1100,2500,0,0
0.06,1100,3000,0,0
0.06,1100,3500,0,0
0.06,1100,4000,0,0
0.06,1150,1000,1,0
0.06,1150,1500,1,0
0.06,1150,2000,1,0
0.06,1150,2500,1,0
0.06,1150,3000,1,0
0.06,1150,3500,1,0
0.06,1150,4000,1,0
0.06,1200,1000,1,0
0.06,1200,1500,1,0
0.06,1200,2000,1,0
0.06,1200,2500,1,0
0.06,1200,3000,1,0
0.06,1200,3500,1,0
0.06,1200,4000,1,0
0.06,1250,1000,1,0
0.06,1250,1500,1,0
0.06,1250,2000,1,0
0.06,1250,2500,1,0
0.06,1250,3000,1,0
0.06,1250,3500,1,0
0.06,1250,4000,1,0
0.06,1300,1000,1,0
0.06,1300,1500,1,0
0.06,1300,2000,1,0
0.06,1300,2500,1,0
0.06,1300,3000,1,0
0.06,1300,3500,1,0
0.06,1300,4000,1,0
0.06,1350,1000,1,0
0.06,1350,1500,1,0
0.06,1350,2000,1,0
0.06,1350,2500,1,0
0.06,1350,3000,1,0
0.06,1350,3500,1,0
0.06,1350,4000,1,0
0.06,1400,1000,1,0
0.06,1400,1500,1,0
0.06,1400,2000,1,0
0.06,1400,2500,1,0
0.06,1400,3000,1,0
0.06,1400,3500,1,0
0.06,1400,4000,1,0
0.06,1450,1000,1,0
0.06,1450,1500,1,0
0.06,1450,2000,1,0
0.06,1450,2500,1,0
0.06,1450,3000,1,0
0.06,1450,3500,1,0
0.06,1450,4000,1,0
0.07,100,1000,0,0
0.07,100,1500,0,0
0.07,100,2000,0,0
0.07,100,2500,0,0
0.07,100,3000,0,0
0.07,100,3500,0,0
0.07,100,4000,0,0
0.07,150,1000,0,0
0.07,150,1500,0,0
0.07,150,2000,0,0
0.07,150,2500,0,0
0.07,150,3000,0,0
0.07,150,3500,0,0
0.07,150,4000,0,0
0.07,200,1000,0,0
0.07,200,1500,0,0
0.07,200,2000,0,0
0.07,200,2500,0,0
0.07,200,3000,0,0
0.07,200,3500,0,0
0.07,200,4000,0,0
0.07,250,1000,0,0
0.07,250,1500,0,0
0.07,250,2000,0,0
0.07,250,2500,0,0
0.07,250,3000,0,0
0.07,250,3500,0,0
0.07,250,4000,0,0
0.07,300,1000,0,0
0.07,300,1500,0,0
0.07,300,2000,0,0
0.07,300,2500,0,0
0.07,300,3000,0,0
0.07,300,3500,0,0
0.07,300,4000,0,0
0.07,350,1000,0,0
0.07,350,1500,0,0
0.07,350,2000,0,0
0.07,350,2500,0,0
0.07,350,3000,0,0
0.07,350,3500,0,0
0.07,350,4000,0,0
0.07,400,1000,0,0
0.07,400,1500,0,0
0.07,400,2000,0,0
0.07,400,2500,0,0
0.07,400,3000,0,0
0.07,400,3500,0,0
0.07,400,4000,0,0
0.07,450,1000,0,0
0.07,450,1500,0,0
0.07,450,2000,0,0
0.07,450,2500,0,0
0.07,450,3000,0,0
0.07,450,3500,0,0
0.07,450,4000,0,0
0.07,500,1000,0,0
0.07,500,1500,0,0
0.07,500,2000,0,0
0.07,500,2500,0,0
0.07,500,3000,0,0
0.07,500,3500,0,0
0.07,500,4000,0,0
0.07,550,1000,0,0
0.07,550,1500,0,0
0.07,550,2000,0,0
0.07,550,2500,0,0
0.07,550,3000,0,0
0.07,550,3500,0,0
0.07,550,4000,0,0
0.07,600,1000,0,0
0.07,600,1500,0,0
0.07,600,2000,0,0
0.07,600,2500,0,0
0.07,600,3000,0,0
0.07,600,3500,0,0
0.07,600,4000,0,0
0.07,650,1000,0,0
0.07,650,1500,0,0
0.07,650,2000,0,0
0.07,650,2500,0,0
0.07,650,3000,0,0
0.07,650,3500,0,0
0.07,650,4000,0,0
0.07,700,1000,0,0
0.07,700,1500,0,0
0.07,700,2000,0,0
0.07,700,2500,0,0
0.07,700,3000,0,0
0.07,700,3500,0,0
0.07,700,4000,0,0
0.07,750,1000,0,0
0.07,750,1500,0,0
0.07,750,2000,0,0
0.07,750,2500,0,0
0.07,750,3000,0,0
0.07,750,3500,0,0
0.07,750,4000,0,0
0.07,800,1000,0,0
0.07,800,1500,0,0
0.07,800,2000,0,0
0.07,800,2500,0,0
0.07,800,3000,0,0
0.07,800,3500,0,0
0.07,800,4000,0,0
0.07,850,1000,0,0
0.07,850,1500,0,0
0.07,850,2000,0,0
0.07,850,2500,0,0
0.07,850,3000,0,0
0.07,850,3500,0,0
0.07,850,4000,0,0
0.07,900,1000,0,0
0.07,900,1500,0,0
0.07,900,2000,0,0
0.07,900,2500,0,0
0.07,900,3000,0,0
0.07,900,3500,0,0
0.07,900,4000,0,0
0.07,950,1000,0,0
0.07,950,1500,0,0
0.07,950,2000,0,0
0.07,950,2500,0,0
0.07,950,3000,0,0
0.07,950,3500,0,0
0.07,950,4000,0,0
0.07,1000,1000,0,0
0.07,1000,1500,0,0
0.07,1000,2000,0,0
0.07,1000,2500,0,0
0.07,1000,3000,0,0
0.07,1000,3500,0,0
0.07,1000,4000,0,0
0.07,1050,1000,0,0
0.07,1050,1500,0,0
0.07,1050,2000,0,0
0.07,1050,2500,0,0
0.07,1050,3000,0,0
0.07,1050,3500,0,0
0.07,1050,4000,0,0
0.07,1100,1000,0,0
0.07,1100,1500,0,0
0.07,1100,2000,0,0
0.07,1100,2500,0,0
0.07,1100,3000,0,0
0.07,1100,3500,0,0
0.07,1100,4000,0,0
0.07,1150,1000,0,0
0.07,1150,1500,0,0
0.07,1150,2000,0,0
0.07,1150,2500,0,0
0.07,1150,3000,0,0
0.07,1150,3500,0,0
0.07,1150,4000,0,0
0.07,1200,1000,0,0
0.07,1200,1500,0,0
0.07,1200,2000,0,0
0.07,1200,2500,0,0
0.07,1200,3000,0,0
0.07,1200,3500,0,0
0.07,1200,4000,0,0
0.07,1250,1000,0,0
0.07,1250,1500,0,0
0.07,1250,2000,0,0
0.07,1250,2500,0,0
0.07,1250,3000,0,0
0.07,1250,3500,0,0
0.07,1250,4000,0,0
0.07,1300,1000,0,0
0.07,1300,1500,0,0
0.07,1300,2000,0,0
0.07,1300,2500,0,0
0.07,1300,3000,0,0
0.07,1300,3500,0,0
0.07,1300,4000,0,0
0.07,1350,1000,0,0
0.07,1350,1500,0,0
0.07,1350,2000,0,0
0.07,1350,2500,0,0
0.07,1350,3000,0,0
0.07,1350,3500,0,0
0.07,1350,4000,0,0
0.07,1400,1000,0,0
0.07,1400,1500,0,0
0.07,1400,2000,0,0
0.07,1400,2500,0,0
0.07,1400,3000,0,0
0.07,1400,3500,0,0
0.07,1400,4000,0,0
0.07,1450,1000,0,0
0.07,1450,1500,0,0
0.07,1450,2000,0,0
0.07,1450,2500,0,0
0.07,1450,3000,0,0
0.07,1450,3500,0,0
0.07,1450,4000,0,0
0.08,100,1000,0,0
0.08,100,1500,0,0
0.08,100,2000,0,0
0.08,100,2500,0,0
0.08,100,3000,0,0
0.08,100,3500,0,0
0.08,100,4000,0,0
0.08,150,1000,0,0
0.08,150,1500,0,0
0.08,150,2000,0,0
0.08,150,2500,0,0
0.08,150,3000,0,0
0.08,150,3500,0,0
0.08,150,4000,0,0
0.08,200,1000,0,0
0.08,200,1500,0,0
0.08,200,2000,0,0
0.08,200,2500,0,0
0.08,200,3000,0,0
0.08,200,3500,0,0
0.08,200,4000,0,0
0.08,250,1000,0,0
0.08,250,1500,0,0
0.08,250,2000,0,0
0.08,250,2500,0,0
0.08,250,3000,0,0
0.08,250,3500,0,0
0.08,250,4000,0,0
0.08,300,1000,0,0
0.08,300,1500,0,0
0.08,300,2000,0,0
0.08,300,2500,0,0
0.08,300,3000,0,0
0.08,300,3500,0,0
0.08,300,4000,0,0
0.08,350,1000,0,0
0.08,350,1500,0,0
0.08,350,2000,0,0
0.08,350,2500,0,0
0.08,350,3000,0,0
0.08,350,3500,0,0
0.08,350,4000,0,0
0.08,400,1000,0,0
0.08,400,1500,0,0
0.08,400,2000,0,0
0.08,400,2500,0,0
0.08,400,3000,0,0
0.08,400,3500,0,0
0.08,400,4000,0,0
0.08,450,1000,0,0
0.08,450,1500,0,0
0.08,450,2000,0,0
0.08,450,2500,0,0
0.08,450,3000,0,0
0.08,450,3500,0,0
0.08,450,4000,0,0
0.08,500,1000,0,0
0.08,500,1500,0,0
0.08,500,2000,0,0
0.08,500,2500,0,0
0.08,500,3000,0,0
0.08,500,3500,0,0
0.08,500,4000,0,0
0.08,550,1000,0,0
0.08,550,1500,0,0
0.08,550,2000,0,0
0.08,550,2500,0,0
0.08,550,3000,0,0
0.08,550,3500,0,0
0.08,550,4000,0,0
0.08,600,1000,0,0
0.08,600,1500,0,0
0.08,600,2000,0,0
0.08,600,2500,0,0
0.08,600,3000,0,0
0.08,600,3500,0,0
0.08,600,4000,0,0
0.08,650,1000,0,0
0.08,650,1500,0,0
0.08,650,2000,0,0
0.08,650,2500,0,0
0.08,650,3000,0,0
0.08,650,3500,0,0
0.08,650,4000,0,0
0.08,700,1000,0,0
0.08,700,1500,0,0
0.08,700,2000,0,0
0.08,700,2500,0,0
0.08,700,3000,0,0
0.08,700,3500,0,0
0.08,700,4000,0,0
0.08,750,1000,0,0
0.08,750,1500,0,0
0.08,750,2000,0,0
0.08,750,2500,0,0
0.08,750,3000,0,0
0.08,750,3500,0,0
0.08,750,4000,0,0
0.08,800,1000,0,0
0.08,800,1500,0,0
0.08,800,2000,0,0
0.08,800,2500,0,0
0.08,800,3000,0,0
0.08,800,3500,0,0
0.08,800,4000,0,0
0.08,850,1000,0,0
0.08,850,1500,0,0
0.08,850,2000,0,0
0.08,850,2500,0,0
0.08,850,3000,0,0
0.08,850,3500,0,0
0.08,850,4000,0,0
0.08,900,1000,0,0
0.08,900,1500,0,0
0.08,900,2000,0,0
0.08,900,2500,0,0
0.08,900,3000,0,0
0.08,900,3500,0,0
0.08,900,4000,0,0
0.08,950,1000,0,0
0.08,950,1500,0,0
0.08,950,2000,0,0
0.08,950,2500,0,0
0.08,950,3000,0,0
0.08,950,3500,0,0
0.08,950,4000,0,0
0.08,1000,1000,0,0
0.08,1000,1500,0,0
0.08,1000,2000,0,0
0.08,1000,2500,0,0
0.08,1000,3000,0,0
0.08,1000,3500,0,0
0.08,1000,4000,0,0
0.08,1050,1000,0,0
0.08,1050,1500,0,0
0.08,1050,2000,0,0
0.08,1050,2500,0,0
0.08,1050,3000,0,0
0.08,1050,3500,0,0
0.08,1050,4000,0,0
0.08,1100,1000,0,0
0.08,1100,1500,0,0
0.08,1100,2000,0,0
0.08,1100,2500,0,0
0.08,1100,3000,0,0
0.08,1100,3500,0,0
0.08,1100,4000,0,0
0.08,1150,1000,0,0
0.08,1150,1500,0,0
0.08,1150,2000,0,0
0.08,1150,2500,0,0
0.08,1150,3000,0,0
0.08,1150,3500,0,0
0.08,1150,4000,0,0
0.08,1200,1000,0,0
0.08,1200,1500,0,0
0.08,1200,2000,0,0
0.08,1200,2500,0,0
0.08,1200,3000,0,0
0.08,1200,3500,0,0
0.08,1200,4000,0,0
0.08,1250,1000,0,0
0.08,1250,1500,0,0
0.08,1250,2000,0,0
0.08,1250,2500,0,0
0.08,1250,3000,0,0
0.08,1250,3500,0,0
0.08,1250,4000,0,0
0.08,1300,1000,0,0
0.08,1300,1500,0,0
0.08,1300,2000,0,0
0.08,1300,2500,0,0
0.08,1300,3000,0,0
0.08,1300,3500,0,0
0.08,1300,4000,0,0
0.08,1350,1000,0,0
0.08,1350,1500,0,0
0.08,1350,2000,0,0
0.08,1350,2500,0,0
0.08,1350,3000,0,0
0.08,1350,3500,0,0
0.08,1350,4000,0,0
0.08,1400,1000,0,0
0.08,1400,1500,0,0
0.08,1400,2000,0,0
0.08,1400,2500,0,0
0.08,1400,3000,0,0
0.08,1400,3500,0,0
0.08,1400,4000,0,0
0.08,1450,1000,0,0
0.08,1450,1500,0,0
0.08,1450,2000,0,0
0.08,1450,2500,0,0
0.08,1450,3000,0,0
0.08,1450,3500,0,0
0.08,1450,4000,0,0
0.09,100,1000,0,0
0.09,100,1500,0,0
0.09,100,2000,0,0
0.09,100,2500,0,0
0.09,100,3000,0,0
0.09,100,3500,0,0
0.09,100,4000,0,0
0.09,150,1000,0,0
0.09,150,1500,0,0
0.09,150,2000,0,0
0.09,150,2500,0,0
0.09,150,3000,0,0
0.09,150,3500,0,0
0.09,150,4000,0,0
0.09,200,1000,0,0
0.09,200,1500,0,0
0.09,200,2000,0,0
0.09,200,2500,0,0
0.09,200,3000,0,0
0.09,200,3500,0,0
0.09,200,4000,0,0
0.09,250,1000,0,0
0.09,250,1500,0,0
0.09,250,2000,0,0
0.09,250,2500,0,0
0.09,250,3000,0,0
0.09,250,3500,0,0
0.09,250,4000,0,0
0.09,300,1000,0,0
0.09,300,1500,0,0
0.09,300,2000,0,0
0.09,300,2500,0,0
0.09,300,3000,0,0
0.09,300,3500,0,0
0.09,300,4000,0,0
0.09,350,1000,0,0
0.09,350,1500,0,0
0.09,350,2000,0,0
0.09,350,2500,0,0
0.09,350,3000,0,0
0.09,350,3500,0,0
0.09,350,4000,0,0
0.09,400,1000,0,0
0.09,400,1500,0,0
0.09,400,2000,0,0
0.09,400,2500,0,0
0.09,400,3000,0,0
0.09,400,3500,0,0
0.09,400,4000,0,0
0.09,450,1000,0,0
0.09,450,1500,0,0
0.09,450,2000,0,0
0.09,450,2500,0,0
0.09,450,3000,0,0
0.09,450,3500,0,0
0.09,450,4000,0,0
0.09,500,1000,0,0
0.09,500,1500,0,0
0.09,500,2000,0,0
0.09,500,2500,0,0
0.09,500,3000,0,0
0.09,500,3500,0,0
0.09,500,4000,0,0
0.09,550,1000,0,0
0.09,550,1500,0,0
0.09,550,2000,0,0
0.09,550,2500,0,0
0.09,550,3000,0,0
0.09,550,3500,0,0
0.09,550,4000,0,0
0.09,600,1000,0,0
0.09,600,1500,0,0
0.09,600,2000,0,0
0.09,600,2500,0,0
0.09,600,3000,0,0
0.09,600,3500,0,0
0.09,600,4000,0,0
0.09,650,1000,0,0
0.09,650,1500,0,0
0.09,650,2000,0,0
0.09,650,2500,0,0
0.09,650,3000,0,0
0.09,650,3500,0,0
0.09,650,4000,0,0
0.09,700,1000,0,0
0.09,700,1500,0,0
0.09,700,2000,0,0
0.09,700,2500,0,0
0.09,700,3000,0,0
0.09,700,3500,0,0
0.09,700,4000,0,0
0.09,750,1000,0,0
0.09,750,1500,0,0
0.09,750,2000,0,0
0.09,750,2500,0,0
0.09,750,3000,0,0
0.09,750,3500,0,0
0.09,750,4000,0,0
0.09,800,1000,0,0
0.09,800,1500,0,0
0.09,800,2000,0,0
0.09,800,2500,0,0
0.09,800,3000,0,0
0.09,800,3500,0,0
0.09,800,4000,0,0
0.09,850,1000,0,0
0.09,850,1500,0,0
0.09,850,2000,0,0
0.09,850,2500,0,0
0.09,850,3000,0,0
0.09,850,3500,0,0
0.09,850,4000,0,0
0.09,900,1000,0,0
0.09,900,1500,0,0
0.09,900,2000,0,0
0.09,900,2500,0,0
0.09,900,3000,0,0
0.09,900,3500,0,0
0.09,900,4000,0,0
0.09,950,1000,0,0
0.09,950,1500,0,0
0.09,950,2000,0,0
0.09,950,2500,0,0
0.09,950,3000,0,0
0.09,950,3500,0,0
0.09,950,4000,0,0
0.09,1000,1000,0,0
0.09,1000,1500,0,0
0.09,1000,2000,0,0
0.09,1000,2500,0,0
0.09,1000,3000,0,0
0.09,1000,3500,0,0
0.09,1000,4000,0,0
0.09,1050,1000,0,0
0.09,1050,1500,0,0
0.09,1050,2000,0,0
0.09,1050,2500,0,0
0.09,1050,3000,0,0
0.09,1050,3500,0,0
0.09,1050,4000,0,0
0.09,1100,1000,0,0
0.09,1100,1500,0,0
0.09,1100,2000,0,0
0.09,1100,2500,0,0
0.09,1100,3000,0,0
0.09,1100,3500,0,0
0.09,1100,4000,0,0
0.09,1150,1000,0,0
0.09,1150,1500,0,0
0.09,1150,2000,0,0
0.09,1150,2500,0,0
0.09,1150,3000,0,0
0.09,1150,3500,0,0
0.09,1150,4000,0,0
0.09,1200,1000,0,0
0.09,1200,1500,0,0
0.09,1200,2000,0,0
0.09,1200,2500,0,0
0.09,1200,3000,0,0
0.09,1200,3500,0,0
0.09,1200,4000,0,0
0.09,1250,1000,0,0
0.09,1250,1500,0,0
0.09,1250,2000,0,0
0.09,1250,2500,0,0
0.09,1250,3000,0,0
0.09,1250,3500,0,0
0.09,1250,4000,0,0
0.09,1300,1000,0,0
0.09,1300,1500,0,0
0.09,1300,2000,0,0
0.09,1300,2500,0,0
0.09,1300,3000,0,0
0.09,1300,3500,0,0
0.09,1300,4000,0,0
0.09,1350,1000,0,0
0.09,1350,1500,0,0
0.09,1350,2000,0,0
0.09,1350,2500,0,0
0.09,1350,3000,0,0
0.09,1350,3500,0,0
0.09,1350,4000,0,0
0.09,1400,1000,0,0
0.09,1400,1500,0,0
0.09,1400,2000,0,0
0.09,1400,2500,0,0
0.09,1400,3000,0,0
0.09,1400,3500,0,0
0.09,1400,4000,0,0
0.09,1450,1000,0,0
0.09,1450,1500,0,0
0.09,1450,2000,0,0
0.09,1450,2500,0,0
0.09,1450,3000,0,0
0.09,1450,3500,0,0
0.09,1450,4000,0,0
0.1,100,1000,0,0
0.1,100,1500,0,0
0.1,100,2000,0,0
0.1,100,2500,0,0
0.1,100,3000,0,0
0.1,100,3500,0,0
0.1,100,4000,0,0
0.1,150,1000,0,0
0.1,150,1500,0,0
0.1,150,2000,0,0
0.1,150,2500,0,0
0.1,150,3000,0,0
0.1,150,3500,0,0
0.1,150,4000,0,0
0.1,200,1000,0,0
0.1,200,1500,0,0
0.1,200,2000,0,0
0.1,200,2500,0,0
0.1,200,3000,0,0
0.1,200,3500,0,0
0.1,200,4000,0,0
0.1,250,1000,0,0
0.1,250,1500,0,0
0.1,250,2000,0,0
0.1,250,2500,0,0
0.1,250,3000,0,0
0.1,250,3500,0,0
0.1,250,4000,0,0
0.1,300,1000,0,0
0.1,300,1500,0,0
0.1,300,2000,0,0
0.1,300,2500,0,0
0.1,300,3000,0,0
0.1,300,3500,0,0
0.1,300,4000,0,0
0.1,350,1000,0,0
0.1,350,1500,0,0
0.1,350,2000,0,0
0.1,350,2500,0,0
0.1,350,3000,0,0
0.1,350,3500,0,0
0.1,350,4000,0,0
0.1,400,1000,0,0
0.1,400,1500,0,0
0.1,400,2000,0,0
0.1,400,2500,0,0
0.1,400,3000,0,0
0.1,400,3500,0,0
0.1,400,4000,0,0
0.1,450,1000,0,0
0.1,450,1500,0,0
0.1,450,2000,0,0
0.1,450,2500,0,0
0.1,450,3000,0,0
0.1,450,3500,0,0
0.1,450,4000,0,0
0.1,500,1000,0,0
0.1,500,1500,0,0
0.1,500,2000,0,0
0.1,500,2500,0,0
0.1,500,3000,0,0
0.1,500,3500,0,0
0.1,500,4000,0,0
0.1,550,1000,0,0
0.1,550,1500,0,0
0.1,550,2000,0,0
0.1,550,2500,0,0
0.1,550,3000,0,0
0.1,550,3500,0,0
0.1,550,4000,0,0
0.1,600,1000,0,0
0.1,600,1500,0,0
0.1,600,2000,0,0
0.1,600,2500,0,0
0.1,600,3000,0,0
0.1,600,3500,0,0
0.1,600,4000,0,0
0.1,650,1000,0,0
0.1,650,1500,0,0
0.1,650,2000,0,0
0.1,650,2500,0,0
0.1,650,3000,0,0
0.1,650,3500,0,0
0.1,650,4000,0,0
0.1,700,1000,0,0
0.1,700,1500,0,0
0.1,700,2000,0,0
0.1,700,2500,0,0
0.1,700,3000,0,0
0.1,700,3500,0,0
0.1,700,4000,0,0
0.1,750,1000,0,0
0.1,750,1500,0,0
0.1,750,2000,0,0
0.1,750,2500,0,0
0.1,750,3000,0,0
0.1,750,3500,0,0
0.1,750,4000,0,0
0.1,800,1000,0,0
0.1,800,1500,0,0
0.1,800,2000,0,0
0.1,800,2500,0,0
0.1,800,3000,0,0
0.1,800,3500,0,0
0.1,800,4000,0,0
0.1,850,1000,0,0
0.1,850,1500,0,0
0.1,850,2000,0,0
0.1,850,2500,0,0
0.1,850,3000,0,0
0.1,850,3500,0,0
0.1,850,4000,0,0
0.1,900,1000,0,0
0.1,900,1500,0,0
0.1,900,2000,0,0
0.1,900,2500,0,0
0.1,900,3000,0,0
0.1,900,3500,0,0
0.1,900,4000,0,0
0.1,950,1000,0,0
0.1,950,1500,0,0
0.1,950,2000,0,0
0.1,950,2500,0,0
0.1,950,3000,0,0
0.1,950,3500,0,0
0.1,950,4000,0,0
0.1,1000,1000,0,0
0.1,1000,1500,0,0
0.1,1000,2000,0,0
0.1,1000,2500,0,0
0.1,1000,3000,0,0
0.1,1000,3500,0,0
0.1,1000,4000,0,0
0.1,1050,1000,0,0
0.1,1050,1500,0,0
0.1,1050,2000,0,0
0.1,1050,2500,0,0
0.1,1050,3000,0,0
0.1,1050,3500,0,0
0.1,1050,4000,0,0
0.1,1100,1000,0,0
0.1,1100,1500,0,0
0.1,1100,2000,0,0
0.1,1100,2500,0,0
0.1,1100,3000,0,0
0.1,1100,3500,0,0
0.1,1100,4000,0,0
0.1,1150,1000,0,0
0.1,1150,1500,0,0
0.1,1150,2000,0,0
0.1,1150,2500,0,0
0.1,1150,3000,0,0
0.1,1150,3500,0,0
0.1,1150,4000,0,0
0.1,1200,1000,0,0
0.1,1200,1500,0,0
0.1,1200,2000,0,0
0.1,1200,2500,0,0
0.1,1200,3000,0,0
0.1,1200,3500,0,0
0.1,1200,4000,0,0
0.1,1250,1000,0,0
0.1,1250,1500,0,0
0.1,1250,2000,0,0
0.1,1250,2500,0,0
0.1,1250,3000,0,0
0.1,1250,3500,0,0
0.1,1250,4000,0,0
0.1,1300,1000,0,0
0.1,1300,1500,0,0
0.1,1300,2000,0,0
0.1,1300,2500,0,0
0.1,1300,3000,0,0
0.1,1300,3500,0,0
0.1,1300,4000,0,0
0.1,1350,1000,0,0
0.1,1350,1500,0,0
0.1,1350,2000,0,0
0.1,1350,2500,0,0
0.1,1350,3000,0,0
0.1,1350,3500,0,0
0.1,1350,4000,0,0
0.1,1400,1000,0,0
0.1,1400,1500,0,0
0.1,1400,2000,0,0
0.1,1400,2500,0,0
0.1,1400,3000,0,0
0.1,1400,3500,0,0
0.1,1400,4000,0,0
0.1,1450,1000,0,0
0.1,1450,1500,0,0
0.1,1450,2000,0,0
0.1,1450,2500,0,0
0.1,1450,3000,0,0
0.1,1450,3500,0,0
0.1,1450,4000,0,0
0.11,100,1000,1,0
0.11,100,1500,1,0
0.11,100,2000,1,0
0.11,100,2500,1,0
0.11,100,3000,1,0
0.11,100,3500,1,0
0.11,100,4000,1,0
0.11,150,1000,1,0
0.11,150,1500,1,0
0.11,150,2000,1,0
0.11,150,2500,1,0
0.11,150,3000,1,0
0.11,150,3500,1,0
0.11,150,4000,1,0
0.11,200,1000,1,0
0.11,200,1500,1,0
0.11,200,2000,1,0
0.11,200,2500,1,0
0.11,200,3000,1,0
0.11,200,3500,1,0
0.11,200,4000,1,0
0.11,250,1000,1,0
0.11,250,1500,1,0
0.11,250,2000,1,0
0.11,250,2500,1,0
0.11,250,3000,1,0
0.11,250,3500,1,0
0.11,250,4000,1,0
0.11,300,1000,1,0
0.11,300,1500,1,0
0.11,300,2000,1,0
0.11,300,2500,1,0
0.11,300,3000,1,0
0.11,300,3500,1,0
0.11,300,4000,1,0
0.11,350,1000,1,0
0.11,350,1500,1,0
0.11,350,2000,1,0
0.11,350,2500,1,0
0.11,350,3000,1,0
0.11,350,3500,1,0
0.11,350,4000,1,0
0.11,400,1000,1,0
0.11,400,1500,1,0
0.11,400,2000,1,0
0.11,400,2500,1,0
0.11,400,3000,1,0
0.11,400,3500,1,0
0.11,400,4000,1,0
0.11,450,1000,1,0
0.11,450,1500,1,0
0.11,450,2000,1,0
0.11,450,2500,1,0
0.11,450,3000,1,0
0.11,450,3500,1,0
0.11,450,4000,1,0
0.11,500,1000,0,0
0.11,500,1500,0,0
0.11,500,2000,0,0
0.11,500,2500,0,0
0.11,500,3000,0,0
0.11,500,3500,0,0
0.11,500,4000,0,0
0.11,550,1000,0,0
0.11,550,1500,0,0
0.11,550,2000,0,0
0.11,550,2500,0,0
0.11,550,3000,0,0
0.11,550,3500,0,0
0.11,550,4000,0,0
0.11,600,1000,0,0
0.11,600,1500,0,0
0.11,600,2000,0,0
0.11,600,2500,0,0
0.11,600,3000,0,0
0.11,600,3500,0,0
0.11,600,4000,0,0
0.11,650,1000,0,0
0.11,650,1500,0,0
0.11,650,2000,0,0
0.11,650,2500,0,0
0.11,650,3000,0,0
0.11,650,3500,0,0
0.11,650,4000,0,0
0.11,700,1000,0,0
0.11,700,1500,0,0
0.11,700,2000,0,0
0.11,700,2500,0,0
0.11,700,3000,0,0
0.11,700,3500,0,0
0.11,700,4000,0,0
0.11,750,1000,0,0
0.11,750,1500,0,0
0.11,750,2000,0,0
0.11,750,2500,0,0
0.11,750,3000,0,0
0.11,750,3500,0,0
0.11,750,4000,0,0
0.11,800,1000,0,0
0.11,800,1500,0,0
0.11,800,2000,0,0
0.11,800,2500,0,0
0.11,800,3000,0,0
0.11,800,3500,0,0
0.11,800,4000,0,0
0.11,850,1000,0,0
0.11,850,1500,0,0
0.11,850,2000,0,0
0.11,850,2500,0,0
0.11,850,3000,0,0
0.11,850,3500,0,0
0.11,850,4000,0,0
0.11,900,1000,0,0
0.11,900,1500,0,0
0.11,900,2000,0,0
0.11,900,2500,0,0
0.11,900,3000,0,0
0.11,900,3500,0,0
0.11,900,4000,0,0
0.11,950,1000,0,0
0.11,950,1500,0,0
0.11,950,2000,0,0
0.11,950,2500,0,0
0.11,950,3000,0,0
0.11,950,3500,0,0
0.11,950,4000,0,0
0.11,1000,1000,0,0
0.11,1000,1500,0,0
0.11,1000,2000,0,0
0.11,1000,2500,0,0
0.11,1000,3000,0,0
0.11,1000,3500,0,0
0.11,1000,4000,0,0
0.11,1050,1000,0,0
0.11,1050,1500,0,0
0.11,1050,2000,0,0
0.11,1050,2500,0,0
0.11,1050,3000,0,0
0.11,1050,3500,0,0
0.11,1050,4000,0,0
0.11,1100,1000,0,0
0.11,1100,1500,0,0
0.11,1100,2000,0,0
0.11,1100,2500,0,0
0.11,1100,3000,0,0
0.11,1100,3500,0,0
0.11,1100,4000,0,0
0.11,1150,1000,0,0
0.11,1150,1500,0,0
0.11,1150,2000,0,0
0.11,1150,2500,0,0
0.11,1150,3000,0,0
0.11,1150,3500,0,0
0.11,1150,4000,0,0
0.11,1200,1000,0,0
0.11,1200,1500,0,0
0.11,1200,2000,0,0
0.11,1200,2500,0,0
0.11,1200,3000,0,0
0.11,1200,3500,0,0
0.11,1200,4000,0,0
0.11,1250,1000,0,0
0.11,1250,1500,0,0
0.11,1250,2000,0,0
0.11,1250,2500,0,0
0.11,1250,3000,0,0
0.11,1250,3500,0,0
0.11,1250,4000,0,0
0.11,1300,1000,0,0
0.11,1300,1500,0,0
0.11,1300,2000,0,0
0.11,1300,2500,0,0
0.11,1300,3000,0,0
0.11,1300,3500,0,0
0.11,1300,4000,0,0
0.11,1350,1000,0,0
0.11,1350,1500,0,0
0.11,1350,2000,0,0
0.11,1350,2500,0,0
0.11,1350,3000,0,0
0.11,1350,3500,0,0
0.11,1350,4000,0,0
0.11,1400,1000,0,0
0.11,1400,1500,0,0
0.11,1400,2000,0,0
0.11,1400,2500,0,0
0.11,1400,3000,0,0
0.11,1400,3500,0,0
0.11,1400,4000,0,0
0.11,1450,1000,0,0
0.11,1450,1500,0,0
0.11,1450,2000,0,0
0.11,1450,2500,0,0
0.11,1450,3000,0,0
0.11,1450,3500,0,0
0.11,1450,4000,0,0
0.12,100,1000,1,0
0.12,100,1500,1,0
0.12,100,2000,1,0
0.12,100,2500,1,0
0.12,100,3000,1,0
0.12,100,3500,1,0
0.12,100,4000,1,0
0.12,150,1000,1,0
0.12,150,1500,1,0
0.12,150,2000,1,0
0.12,150,2500,1,0
0.12,150,3000,1,0
0.12,150,3500,1,0
0.12,150,4000,1,0
0.12,200,1000,1,0
0.12,200,1500,1,0
0.12,200,2000,1,0
0.12,200,2500,1,0
0.12,200,3000,1,0
0.12,200,3500,1,0
0.12,200,4000,1,0
0.12,250,1000,1,0
0.12,250,1500,1,0
0.12,250,2000,1,0
0.12,250,2500,1,0
0.12,250,3000,1,0
0.12,250,3500,1,0
0.12,250,4000,1,0
0.12,300,1000,1,0
0.12,300,1500,1,0
0.12,300,2000,1,0
0.12,300,2500,1,0
0.12,300,3000,1,0
0.12,300,3500,1,0
0.12,300,4000,1,0
0.12,350,1000,1,0
0.12,350,1500,1,0
0.12,350,2000,1,0
0.12,350,2500,1,0
0.12,350,3000,1,0
0.12,350,3500,1,0
0.12,350,4000,1,0
0.12,400,1000,1,0
0.12,400,1500,1,0
0.12,400,2000,1,0
0.12,400,2500,1,0
0.12,400,3000,1,0
0.12,400,3500,1,0
0.12,400,4000,1,0
0.12,450,1000,1,0
0.12,450,1500,1,0
0.12,450,2000,1,0
0.12,450,2500,1,0
0.12,450,3000,1,0
0.12,450,3500,1,0
0.12,450,4000,1,0
0.12,500,1000,0,0
0.12,500,1500,0,0
0.12,500,2000,0,0
0.12,500,2500,0,0
0.12,500,3000,0,0
0.12,500,3500,0,0
0.12,500,4000,0,0
0.12,550,1000,0,0
0.12,550,1500,0,0
0.12,550,2000,0,0
0.12,550,2500,0,0
0.12,550,3000,0,0
0.12,550,3500,0,0
0.12,550,4000,0,0
0.12,600,1000,0,0
0.12,600,1500,0,0
0.12,600,2000,0,0
0.12,600,2500,0,0
0.12,600,3000,0,0
0.12,600,3500,0,0
0.12,600,4000,0,0
0.12,650,1000,0,0
0.12,650,1500,0,0
0.12,650,2000,0,0
0.12,650,2500,0,0
0.12,650,3000,0,0
0.12,650,3500,0,0
0.12,650,4000,0,0
0.12,700,1000,0,0
0.12,700,1500,0,0
0.12,700,2000,0,0
0.12,700,2500,0,0
0.12,700,3000,0,0
0.12,700,3500,0,0
0.12,700,4000,0,0
0.12,750,1000,0,0
0.12,750,1500,0,0
0.12,750,2000,0,0
0.12,750,2500,0,0
0.12,750,3000,0,0
0.12,750,3500,0,0
0.12,750,4000,0,0
0.12,800,1000,0,0
0.12,800,1500,0,0
0.12,800,2000,0,0
0.12,800,2500,0,0
0.12,800,3000,0,0
0.12,800,3500,0,0
0.12,800,4000,0,0
0.12,850,1000,0,0
0.12,850,1500,0,0
0.12,850,2000,0,0
0.12,850,2500,0,0
0.12,850,3000,0,0
0.12,850,3500,0,0
0.12,850,4000,0,0
0.12,900,1000,0,0
0.12,900,1500,0,0
0.12,900,2000,0,0
0.12,900,2500,0,0
0.12,900,3000,0,0
0.12,900,3500,0,0
0.12,900,4000,0,0
0.12,950,1000,0,0
0.12,950,1500,0,0
0.12,950,2000,0,0
0.12,950,2500,0,0
0.12,950,3000,0,0
0.12,950,3500,0,0
0.12,950,4000,0,0
0.12,1000,1000,0,0
0.12,1000,1500,0,0
0.12,1000,2000,0,0
0.12,1000,2500,0,0
0.12,1000,3000,0,0
0.12,1000,3500,0,0
0.12,1000,4000,0,0
0.12,1050,1000,0,0
0.12,1050,1500,0,0
0.12,1050,2000,0,0
0.12,1050,2500,0,0
0.12,1050,3000,0,0
0.12,1050,3500,0,0
0.12,1050,4000,0,0
0.12,1100,1000,0,0
0.12,1100,1500,0,0
0.12,1100,2000,0,0
0.12,1100,2500,0,0
0.12,1100,3000,0,0
0.12,1100,3500,0,0
0.12,1100,4000,0,0
0.12,1150,1000,0,0
0.12,1150,1500,0,0
0.12,1150,2000,0,0
0.12,1150,2500,0,0
0.12,1150,3000,0,0
0.12,1150,3500,0,0
0.12,1150,4000,0,0
0.12,1200,1000,0,0
0.12,1200,1500,0,0
0.12,1200,2000,0,0
0.12,1200,2500,0,0
0.12,1200,3000,0,0
0.12,1200,3500,0,0
0.12,1200,4000,0,0
0.12,1250,1000,0,0
0.12,1250,1500,0,0
0.12,1250,2000,0,0
0.12,1250,2500,0,0
0.12,1250,3000,0,0
0.12,1250,3500,0,0
0.12,1250,4000,0,0
0.12,1300,1000,0,0
0.12,1300,1500,0,0
0.12,1300,2000,0,0
0.12,1300,2500,0,0
0.12,1300,3000,0,0
0.12,1300,3500,0,0
0.12,1300,4000,0,0
0.12,1350,1000,0,0
0.12,1350,1500,0,0
0.12,1350,2000,0,0
0.12,1350,2500,0,0
0.12,1350,3000,0,0
0.12,1350,3500,0,0
0.12,1350,4000,0,0
0.12,1400,1000,0,0
0.12,1400,1500,0,0
0.12,1400,2000,0,0
0.12,1400,2500,0,0
0.12,1400,3000,0,0
0.12,1400,3500,0,0
0.12,1400,4000,0,0
0.12,1450,1000,0,0
0.12,1450,1500,0,0
0.12,1450,2000,0,0
0.12,1450,2500,0,0
0.12,1450,3000,0,0
0.12,1450,3500,0,0
0.12,1450,4000,0,0
0.13,100,1000,1,0
0.13,100,1500,1,0
0.13,100,2000,1,0
0.13,100,2500,1,0
0.13,100,3000,1,0
0.13,100,3500,1,0
0.13,100,4000,1,0
0.13,150,1000,1,0
0.13,150,1500,1,0
0.13,150,2000,1,0
0.13,150,2500,1,0
0.13,150,3000,1,0
0.13,150,3500,1,0
0.13,150,4000,1,0
0.13,200,1000,1,0
0.13,200,1500,1,0
0.13,200,2000,1,0
0.13,200,2500,1,0
0.13,200,3000,1,0
0.13,200,3500,1,0
0.13,200,4000,1,0
0.13,250,1000,1,0
0.13,250,1500,1,0
0.13,250,2000,1,0
0.13,250,2500,1,0
0.13,250,3000,1,0
0.13,250,3500,1,0
0.13,250,4000,1,0
0.13,300,1000,1,0
0.13,300,1500,1,0
0.13,300,2000,1,0
0.13,300,2500,1,0
0.13,300,3000,1,0
0.13,300,3500,1,0
0.13,300,4000,1,0
0.13,350,1000,1,0
0.13,350,1500,1,0
0.13,350,2000,1,0
0.13,350,2500,1,0
0.13,350,3000,1,0
0.13,350,3500,1,0
0.13,350,4000,1,0
0.13,400,1000,1,0
0.13,400,1500,1,0
0.13,400,2000,1,0
0.13,400,2500,1,0
0.13,400,3000,1,0
0.13,400,3500,1,0
0.13,400,4000,1,0
0.13,450,1000,1,0
0.13,450,1500,1,0
0.13,450,2000,1,0
0.13,450,2500,1,0
0.13,450,3000,1,0
0.13,450,3500,1,0
0.13,450,4000,1,0
0.13,500,1000,0,0
0.13,500,1500,0,0
0.13,500,2000,0,0
0.13,500,2500,0,0
0.13,500,3000,0,0
0.13,500,3500,0,0
0.13,500,4000,0,0
0.13,550,1000,0,0
0.13,550,1500,0,0
0.13,550,2000,0,0
0.13,550,2500,0,0
0.13,550,3000,0,0
0.13,550,3500,0,0
0.13,550,4000,0,0
0.13,600,1000,0,0
0.13,600,1500,0,0
0.13,600,2000,0,0
0.13,600,2500,0,0
0.13,600,3000,0,0
0.13,600,3500,0,0
0.13,600,4000,0,0
0.13,650,1000,0,0
0.13,650,1500,0,0
0.13,650,2000,0,0
0.13,650,2500,0,0
0.13,650,3000,0,0
0.13,650,3500,0,0
0.13,650,4000,0,0
0.13,700,1000,0,0
0.13,700,1500,0,0
0.13,700,2000,0,0
0.13,700,2500,0,0
0.13,700,3000,0,0
0.13,700,3500,0,0
0.13,700,4000,0,0
0.13,750,1000,0,0
0.13,750,1500,0,0
0.13,750,2000,0,0
0.13,750,2500,0,0
0.13,750,3000,0,0
0.13,750,3500,0,0
0.13,750,4000,0,0
0.13,800,1000,0,0
0.13,800,1500,0,0
0.13,800,2000,0,0
0.13,800,2500,0,0
0.13,800,3000,0,0
0.13,800,3500,0,0
0.13,800,4000,0,0
0.13,850,1000,0,0
0.13,850,1500,0,0
0.13,850,2000,0,0
0.13,850,2500,0,0
0.13,850,3000,0,0
0.13,850,3500,0,0
0.13,850,4000,0,0
0.13,900,1000,0,0
0.13,900,1500,0,0
0.13,900,2000,0,0
0.13,900,2500,0,0
0.13,900,3000,0,0
0.13,900,3500,0,0
0.13,900,4000,0,0
0.13,950,1000,0,0
0.13,950,1500,0,0
0.13,950,2000,0,0
0.13,950,2500,0,0
0.13,950,3000,0,0
0.13,950,3500,0,0
0.13,950,4000,0,0
0.13,1000,1000,0,0
0.13,1000,1500,0,0
0.13,1000,2000,0,0
0.13,1000,2500,0,0
0.13,1000,3000,0,0
0.13,1000,3500,0,0
0.13,1000,4000,0,0
0.13,1050,1000,0,0
0.13,1050,1500,0,0
0.13,1050,2000,0,0
0.13,1050,2500,0,0
0.13,1050,3000,0,0
0.13,1050,3500,0,0
0.13,1050,4000,0,0
0.13,1100,1000,0,0
0.13,1100,1500,0,0
0.13,1100,2000,0,0
0.13,1100,2500,0,0
0.13,1100,3000,0,0
0.13,1100,3500,0,0
0.13,1100,4000,0,0
0.13,1150,1000,0,0
0.13,1150,1500,0,0
0.13,1150,2000,0,0
0.13,1150,2500,0,0
0.13,1150,3000,0,0
0.13,1150,3500,0,0
0.13,1150,4000,0,0
0.13,1200,1000,0,0
0.13,1200,1500,0,0
0.13,1200,2000,0,0
0.13,1200,2500,0,0
0.13,1200,3000,0,0
0.13,1200,3500,0,0
0.13,1200,4000,0,0
0.13,1250,1000,0,0
0.13,1250,1500,0,0
0.13,1250,2000,0,0
0.13,1250,2500,0,0
0.13,1250,3000,0,0
0.13,1250,3500,0,0
0.13,1250,4000,0,0
0.13,1300,1000,0,0
0.13,1300,1500,0,0
0.13,1300,2000,0,0
0.13,1300,2500,0,0
0.13,1300,3000,0,0
0.13,1300,3500,0,0
0.13,1300,4000,0,0
0.13,1350,1000,0,0
0.13,1350,1500,0,0
0.13,1350,2000,0,0
0.13,1350,2500,0,0
0.13,1350,3000,0,0
0.13,1350,3500,0,0
0.13,1350,4000,0,0
0.13,1400,1000,0,0
0.13,1400,1500,0,0
0.13,1400,2000,0,0
0.13,1400,2500,0,0
0.13,1400,3000,0,0
0.13,1400,3500,0,0
0.13,1400,4000,0,0
0.13,1450,1000,0,0
0.13,1450,1500,0,0
0.13,1450,2000,0,0
0.13,1450,2500,0,0
0.13,1450,3000,0,0
0.13,1450,3500,0,0
0.13,1450,4000,0,0
0.14,100,1000,1,0
0.14,100,1500,1,0
0.14,100,2000,1,0
0.14,100,2500,1,0
0.14,100,3000,1,0
0.14,100,3500,1,0
0.14,100,4000,1,0
0.14,150,1000,1,0
0.14,150,1500,1,0
0.14,150,2000,1,0
0.14,150,2500,1,0
0.14,150,3000,1,0
0.14,150,3500,1,0
0.14,150,4000,1,0
0.14,200,1000,1,0
0.14,200,1500,1,0
0.14,200,2000,1,0
0.14,200,2500,1,0
0.14,200,3000,1,0
0.14,200,3500,1,0
0.14,200,4000,1,0
0.14,250,1000,1,0
0.14,250,1500,1,0
0.14,250,2000,1,0
0.14,250,2500,1,0
0.14,250,3000,1,0
0.14,250,3500,1,0
0.14,250,4000,1,0
0.14,300,1000,1,0
0.14,300,1500,1,0
0.14,300,2000,1,0
0.14,300,2500,1,0
0.14,300,3000,1,0
0.14,300,3500,1,0
0.14,300,4000,1,0
0.14,350,1000,1,0
0.14,350,1500,1,0
0.14,350,2000,1,0
0.14,350,2500,1,0
0.14,350,3000,1,0
0.14,350,3500,1,0
0.14,350,4000,1,0
0.14,400,1000,1,0
0.14,400,1500,1,0
0.14,400,2000,1,0
0.14,400,2500,1,0
0.14,400,3000,1,0
0.14,400,3500,1,0
0.14,400,4000,1,0
0.14,450,1000,1,0
0.14,450,1500,1,0
0.14,450,2000,1,0
0.14,450,2500,1,0
0.14,450,3000,1,0
0.14,450,3500,1,0
0.14,450,4000,1,0
0.14,500,1000,0,0
0.14,500,1500,0,0
0.14,500,2000,0,0
0.14,500,2500,0,0
0.14,500,3000,0,0
0.14,500,3500,0,0
0.14,500,4000,0,0
0.14,550,1000,0,0
0.14,550,1500,0,0
0.14,550,2000,0,0
0.14,550,2500,0,0
0.14,550,3000,0,0
0.14,550,3500,0,0
0.14,550,4000,0,0
0.14,600,1000,0,0
0.14,600,1500,0,0
0.14,600,2000,0,0
0.14,600,2500,0,0
0.14,600,3000,0,0
0.14,600,3500,0,0
0.14,600,4000,0,0
0.14,650,1000,0,0
0.14,650,1500,0,0
0.14,650,2000,0,0
0.14,650,2500,0,0
0.14,650,3000,0,0
0.14,650,3500,0,0
0.14,650,4000,0,0
0.14,700,1000,0,0
0.14,700,1500,0,0
0.14,700,2000,0,0
0.14,700,2500,0,0
0.14,700,3000,0,0
0.14,700,3500,0,0
0.14,700,4000,0,0
0.14,750,1000,0,0
0.14,750,1500,0,0
0.14,750,2000,0,0
0.14,750,2500,0,0
0.14,750,3000,0,0
0.14,750,3500,0,0
0.14,750,4000,0,0
0.14,800,1000,0,0
0.14,800,1500,0,0
0.14,800,2000,0,0
0.14,800,2500,0,0
0.14,800,3000,0,0
0.14,800,3500,0,0
0.14,800,4000,0,0
0.14,850,1000,0,0
0.14,850,1500,0,0
0.14,850,2000,0,0
0.14,850,2500,0,0
0.14,850,3000,0,0
0.14,850,3500,0,0
0.14,850,4000,0,0
0.14,900,1000,0,0
0.14,900,1500,0,0
0.14,900,2000,0,0
0.14,900,2500,0,0
0.14,900,3000,0,0
0.14,900,3500,0,0
0.14,900,4000,0,0
0.14,950,1000,0,0
0.14,950,1500,0,0
0.14,950,2000,0,0
0.14,950,2500,0,0
0.14,950,3000,0,0
0.14,950,3500,0,0
0.14,950,4000,0,0
0.14,1000,1000,0,0
0.14,1000,1500,0,0
0.14,1000,2000,0,0
0.14,1000,2500,0,0
0.14,1000,3000,0,0
0.14,1000,3500,0,0
0.14,1000,4000,0,0
0.14,1050,1000,0,0
0.14,1050,1500,0,0
0.14,1050,2000,0,0
0.14,1050,2500,0,0
0.14,1050,3000,0,0
0.14,1050,3500,0,0
0.14,1050,4000,0,0
0.14,1100,1000,0,0
0.14,1100,1500,0,0
0.14,1100,2000,0,0
0.14,1100,2500,0,0
0.14,1100,3000,0,0
0.14,1100,3500,0,0
0.14,1100,4000,0,0
0.14,1150,1000,0,0
0.14,1150,1500,0,0
0.14,1150,2000,0,0
0.14,1150,2500,0,0
0.14,1150,3000,0,0
0.14,1150,3500,0,0
0.14,1150,4000,0,0
0.14,1200,1000,0,0
0.14,1200,1500,0,0
0.14,1200,2000,0,0
0.14,1200,2500,0,0
0.14,1200,3000,0,0
0.14,1200,3500,0,0
0.14,1200,4000,0,0
0.14,1250,1000,0,0
0.14,1250,1500,0,0
0.14,1250,2000,0,0
0.14,1250,2500,0,0
0.14,1250,3000,0,0
0.14,1250,3500,0,0
0.14,1250,4000,0,0
0.14,1300,1000,0,0
0.14,1300,1500,0,0
0.14,1300,2000,0,0
0.14,1300,2500,0,0
0.14,1300,3000,0,0
0.14,1300,3500,0,0
0.14,1300,4000,0,0
0.14,1350,1000,0,0
0.14,1350,1500,0,0
0.14,1350,2000,0,0
0.14,1350,2500,0,0
0.14,1350,3000,0,0
0.14,1350,3500,0,0
0.14,1350,4000,0,0
0.14,1400,1000,0,0
0.14,1400,1500,0,0
0.14,1400,2000,0,0
0.14,1400,2500,0,0
0.14,1400,3000,0,0
0.14,1400,3500,0,0
0.14,1400,4000,0,0
0.14,1450,1000,0,0
0.14,1450,1500,0,0
0.14,1450,2000,0,0
0.14,1450,2500,0,0
0.14,1450,3000,0,0
0.14,1450,3500,0,0
0.14,1450,4000,0,0
